optimizer,test_loss,accuracy,precision,batch_size,optimizer_config
adam,1.708058260881101,76.06,0.7732038242673529,16," lr:0.0017138890273524037, beta1:0.7036177623076865, beta2:0.881277867909483, eps:1e-08, weight_decay:0.0004177548699612171"
adamw,1.5922741893762218,86.88,0.8700380223344029,16," lr:0.0017516647257972131, beta1:0.9077902252059276, beta2:0.8708631101292155, eps:1e-08, weight_decay:0.009839831108595418"
rmsprop,1.6581044795033268,81.14,0.8197727414653693,16," lr:0.0011160164351976204, alpha:0.8704248820946988, eps:1e-08, momentum:0.2560672240576974, weight_decay:0.00043205599318936363"
sam,1.684752923992876,78.56,0.7996411148377993,16," lr:0.07579292632211579, momentum:0.3404288686718846, rho:0.11548715569088583, weight_decay:0.0004228774708207831"
lamb,1.5943145523436917,86.72,0.868935901421179,16," lr:0.0023681433985632975, beta1:0.8530558789787093, beta2:0.9593187366990031, eps:1e-08, weight_decay:0.0007621031900913186"
novograd,1.5740316793941462,88.62,0.8864834849729677,16," lr:0.0068455702672729195, beta1:0.805481025350273, beta2:0.8737088816669474, eps:1e-08, weight_decay:0.0004344939589574845"
adopt,1.7064756010287105,76.88,0.7896450794815733,16," lr:0.0007739282958718512, beta1:0.7969854003034145, beta2:0.9603117652315114, eps:1e-08, weight_decay:0.0012083511440677125"
