optimizer,test_loss,accuracy,precision,batch_size,optimizer_config
adam,1.7626738548278809,70.54,0.7165008708935724,16384," lr:0.0078027700846653, beta1:0.8022532768142562, beta2:0.9200051256736071, eps:1e-08, weight_decay:0.00042232612748259137"
adamw,1.7385380268096924,72.36,0.7379784887112811,16384," lr:0.008141129658559437, beta1:0.8063546366506587, beta2:0.8986420061466284, eps:1e-08, weight_decay:0.0004163247332460293"
rmsprop,1.8298046588897705,64.26,0.6529091741608721,16384," lr:0.00314288089084011, alpha:0.842255483024977, eps:1e-08, momentum:0.16364247048639055, weight_decay:0.0009308270833535123"
sam,2.302363395690918,15.16,0.0570861249002057,16384," lr:0.0006705887322467282, momentum:0.5642097729644097, rho:0.25934211595034434, weight_decay:0.005109654319774779"
lamb,1.953376531600952,52.9,0.4980987053768911,16384," lr:0.008032143535638534, beta1:0.792537870163052, beta2:0.8395136004424871, eps:1e-08, weight_decay:0.0004176377119163708"
novograd,2.0893378257751465,42.36,0.3455945493916581,16384," lr:0.00284506659146169, beta1:0.8527720276226579, beta2:0.839398387574482, eps:1e-08, weight_decay:0.0008552080808052118"
adopt,1.766016960144043,70.16,0.7261695442988472,16384," lr:0.0078027700846653, beta1:0.8022532768142562, beta2:0.9200051256736071, eps:1e-08, weight_decay:0.00042232612748259137"
