optimizer,test_loss,accuracy,precision,batch_size,optimizer_config
adam,1.702900528907776,76.94,0.7827217258612345,8192," lr:0.0068455702672729195, beta1:0.805481025350273, beta2:0.8737088816669474, eps:1e-08, weight_decay:0.0004344939589574845"
adamw,1.6722757816314695,78.76,0.8077101087175708,8192," lr:0.0068455702672729195, beta1:0.805481025350273, beta2:0.8737088816669474, eps:1e-08, weight_decay:0.0004344939589574845"
rmsprop,1.808303952217102,66.32,0.6894522374549708,8192," lr:0.0013552964415495428, alpha:0.8927276453909143, eps:1e-08, momentum:0.27889713294900564, weight_decay:0.0005045765358427495"
sam,2.3032283782958984,7.62,0.023269118409031,8192," lr:0.0002623758351521364, momentum:0.2780039643890244, rho:0.10427190903980854, weight_decay:0.003349991866942961"
lamb,1.7974343299865725,66.74,0.685340706535993,8192," lr:0.008286402482680501, beta1:0.8120544218320054, beta2:0.8994451202505948, eps:1e-08, weight_decay:0.0004203951998389159"
novograd,1.8952515125274656,56.68,0.5421316563524222,8192," lr:0.009238414131474115, beta1:0.8323975734287792, beta2:0.8253842703158173, eps:1e-08, weight_decay:0.0006564789163843637"
adopt,1.6917626857757568,77.58,0.7964470037847845,8192," lr:0.008032143535638534, beta1:0.792537870163052, beta2:0.8395136004424871, eps:1e-08, weight_decay:0.0004176377119163708"
