optimizer,test_loss,accuracy,precision,batch_size,optimizer_config
adam,1.6363639146089557,83.62,0.8438086026060626,128," lr:0.0034752685500732045, beta1:0.7010257136793574, beta2:0.9619122289265389, eps:1e-08, weight_decay:0.0007235689661671161"
adamw,1.5761476010084152,88.48,0.8853782890614832,128," lr:0.002482076244951997, beta1:0.7885167749699532, beta2:0.9067139337908636, eps:1e-08, weight_decay:0.0009561223628436155"
rmsprop,1.6810774892568587,78.14,0.7995366610736314,128," lr:0.0019057761146699269, alpha:0.8008272564050097, eps:1e-08, momentum:0.4796734843900252, weight_decay:0.00041424858866922034"
sam,1.768945974111557,70.28,0.7121463930528573,128," lr:0.07579292632211579, momentum:0.3404288686718846, rho:0.11548715569088583, weight_decay:0.0004228774708207831"
lamb,1.690844604372978,77.36,0.7914444920932667,128," lr:0.009393110610999624, beta1:0.8818256005009133, beta2:0.8993805109329219, eps:1e-08, weight_decay:0.0014424176468857495"
novograd,1.6928585410118102,77.56,0.7861498304793212,128," lr:0.0068455702672729195, beta1:0.805481025350273, beta2:0.8737088816669474, eps:1e-08, weight_decay:0.0004344939589574845"
adopt,1.6876229852437974,77.98,0.7986577267069729,128," lr:0.0037086633362084435, beta1:0.8342894217127469, beta2:0.9687116223320679, eps:1e-08, weight_decay:0.0007731389370404116"
