optimizer,test_loss,accuracy,precision,batch_size,optimizer_config
adam,1.6172172397375106,85.4,0.8592375362735097,128," lr:0.002824960912871497, beta1:0.8067579206261906, beta2:0.8675172509565063, eps:1e-08, weight_decay:0.00042062078314062306"
adamw,1.631640449166298,82.48,0.8422868251134904,128," lr:0.00314288089084011, beta1:0.7615783420967001, beta2:0.8363468109446994, eps:1e-08, weight_decay:0.0009308270833535123"
rmsprop,1.7351470082998277,73.64,0.7644231143894008,128," lr:0.002309574696201183, alpha:0.8984364811918174, eps:1e-08, momentum:0.47492268824681877, weight_decay:0.0007766807239860468"
sam,1.760925790667534,70.7,0.7240039186747234,128," lr:0.07870995302452792, momentum:0.3404288686718846, rho:0.12962410287605156, weight_decay:0.0004425038278300359"
lamb,1.6140760004520416,84.96,0.8586513670709166,128," lr:0.008140746512814398, beta1:0.8063546366506587, beta2:0.8880383525114988, eps:1e-08, weight_decay:0.0004163247332460293"
novograd,1.825911903381348,64.94,0.6710162779439144,128," lr:0.0001329291894316216, beta1:0.9757071488588757, beta2:0.9463255889680999, eps:1e-08, weight_decay:0.006300528199911897"
adopt,1.6497372210025787,81.44,0.8259809897057998,128," lr:0.004993961824486358, beta1:0.8014341204141706, beta2:0.9716994200933582, eps:1e-08, weight_decay:0.00041819735427167616"
